품명|영어#범주#브랜드/품번#인기도(1개월_장바구니)#누적판매#좋아요#구매후기#배송방법#평균배송일#판매가#세일가#링크
스탠다드 후드 스웨트 집업 - 멜란지 그레이|STANDARD HOOD SWEAT ZIP-UP - MEANGE GREY#상의> 후드 스웨트셔츠/후드 집업(멜란지 마스터)#MELANGE MASTER / MMTS0003-MG###12,600#17,549건↓ / 94% 만족#국내 배송 / 무신사 직배송 #2일 / (영업일 기준, 결제 후 평균 배송기간)#39,900##https://store.musinsa.com/app/product/detail/640839/0
3/18 배송 1960 sweatshirts navy|1960 sweatshirts navy#상의> 맨투맨/스웨트셔츠(유니폼브릿지)#UNIFORM BRIDGE / UB-1104###8,298#4,325건↓ / 93.62% 만족#국내 배송 /  입점사 배송 #2.1일 / CJ대한통운 (영업일 기준, 결제 후 평균 배송기간)#59,000##https://store.musinsa.com/app/product/detail/956939/0
브러시트 클럽 맨투맨 블랙|브러시트 클럽 맨투맨 블랙#상의> 맨투맨/스웨트셔츠(나이키)#NIKE / BV2662-010###7,969#857건↓ / 93.76% 만족#국내 배송 /  입점사 배송 #1.8일 / (영업일 기준, 결제 후 평균 배송기간)#89,000# 59,000#https://store.musinsa.com/app/product/detail/1163605/0
LOCATION CREWNECK JS [IVORY]|LOCATION CREWNECK JS [IVORY]#상의> 맨투맨/스웨트셔츠(비바스튜디오)#VIVASTUDIO / JSVT21###5,751#24,970건↓ / 95.1% 만족#국내 배송 /  입점사 배송 #2.3일 / CJ대한통운 (영업일 기준, 결제 후 평균 배송기간)#58,000# 55,100#https://store.musinsa.com/app/product/detail/1272201/0
3/24 배송 후드 집업 자켓 그레이|후드 집업 자켓 그레이#상의> 후드 스웨트셔츠/후드 집업(파르티멘토)#PARTIMENTO / 후드 집업 자켓 그레이###10,859#3,240건↓ / 91.88% 만족#국내 배송 /  입점사 배송 #1.9일 / 한진택배 (영업일 기준, 결제 후 평균 배송기간)#71,300# 57,000#https://store.musinsa.com/app/product/detail/943145/0
베이식 롱 슬리브 티셔츠 [화이트]|BASIC LONG SLEEVE T-SHIRT [WHITE]#상의> 긴팔 티셔츠(무신사 스탠다드)#MUSINSA STANDARD / MITS0009-WH###8,705#31,057건↓ / 93.82% 만족#국내 배송 / 무신사 직배송 #2일 / (영업일 기준, 결제 후 평균 배송기간)#12,900##https://store.musinsa.com/app/product/detail/1144989/0
로코 피그먼트 리버시블 헤비 맨투맨 (다크그레이)|로코 피그먼트 리버시블 헤비 맨투맨 (다크그레이)#상의> 맨투맨/스웨트셔츠(어텐션로우)#ATTENTIONROW / 17FFM11###16,680#11,522건↓ / 93.6% 만족#국내 배송 /  입점사 배송 #1.7일 / CJ대한통운 (영업일 기준, 결제 후 평균 배송기간)#88,000# 59,000#https://store.musinsa.com/app/product/detail/643173/0
3/24 배송 코드 후드 집업 자켓 스모크 그레이|Cord Hood Zip Jacket Smoke Gray#상의> 후드 스웨트셔츠/후드 집업(파르티멘토)#PARTIMENTO / Cord Hood Zip Jacket Smoke Gray###4,741#38건↓ / 94.74% 만족#국내 배송 /  입점사 배송 #1.9일 / 한진택배 (영업일 기준, 결제 후 평균 배송기간)#62,000# 49,900#https://store.musinsa.com/app/product/detail/1280576/0
3/27 배송 [패키지] NYC LOCATION LONG SLEEVE T-SHIRTS [GLT623I13]|[패키지] NYC LOCATION LONG SLEEVE T-SHIRTS [GLT623I13]#상의> 긴팔 티셔츠(그루브라임)#GROOVE RHYME / GLT623I13###9,819#2,689건↓ / 93.8% 만족#국내 배송 /  입점사 배송 #2일 / 롯데택배 (영업일 기준, 결제 후 평균 배송기간)#98,000# 39,000#https://store.musinsa.com/app/product/detail/1130844/0
M/G SIGN LOGO HOODIE GRAY|M/G SIGN LOGO HOODIE GRAY#상의> 후드 스웨트셔츠/후드 집업(마크 곤잘레스)#MARK GONZALES / MG2001HD02GR###14,860#7,393건↓ / 93.74% 만족#국내 배송 /  입점사 배송 #2.1일 / 롯데택배 (영업일 기준, 결제 후 평균 배송기간)#69,000##https://store.musinsa.com/app/product/detail/644026/0
[패키지] essential 스트링 트레이닝 셋업|[패키지] essential 스트링 트레이닝 셋업#상의> 맨투맨/스웨트셔츠(브렌슨)#BRENSON / BR443###24##국내 배송 /  입점사 배송 #2일 / CJ대한통운 (영업일 기준, 결제 후 평균 배송기간)#97,800# 48,900#https://store.musinsa.com/app/product/detail/1352686/0
3/27 배송 천사 자수 스트라이프 크롭 스웨터 [다클 퍼플]|ANGEL EMBROIDERY STRIPE CROP SWEATER [DARK PURPLE]#상의> 니트/스웨터/카디건(러닝하이)#RUNNING HIGH / 2020SP-T27#####국내 배송 /  입점사 배송 #1.6일 / (영업일 기준, 결제 후 평균 배송기간)#52,000##https://store.musinsa.com/app/product/detail/1351949/0
3/27 배송 천사 자수 스트라이프 크롭 스웨터 [민트]|ANGEL EMBROIDERY STRIPE CROP SWEATER [MINT]#상의> 니트/스웨터/카디건(러닝하이)#RUNNING HIGH / 2020SP-T26#####국내 배송 /  입점사 배송 #1.6일 / (영업일 기준, 결제 후 평균 배송기간)#52,000##https://store.musinsa.com/app/product/detail/1351947/0
앤젤 프린팅 크롭 티 [민트 블루]|ANGEL PRINTING CROP TEE [MINT BLUE]#상의> 반팔 티셔츠(러닝하이)#RUNNING HIGH / 2020SUM-T12###2#89건↓ / 0% 만족#국내 배송 /  입점사 배송 #1.6일 / (영업일 기준, 결제 후 평균 배송기간)#36,000##https://store.musinsa.com/app/product/detail/1351943/0
호러 그래픽 다이 오버사이즈 티 [크림]|HORROR GRAPHIC DYED OVERSIZE TEE [CREAM]#상의> 반팔 티셔츠(러닝하이)#RUNNING HIGH / 2020SUM-T11###1##국내 배송 /  입점사 배송 #1.6일 / (영업일 기준, 결제 후 평균 배송기간)#49,000##https://store.musinsa.com/app/product/detail/1351941/0
호러 그래픽 다이 오버사이즈 티 [더티 그린]|HORROR GRAPHIC DYED OVERSIZE TEE [DIRTY GREEN]#상의> 반팔 티셔츠(러닝하이)#RUNNING HIGH / 2020SUM-T10#####국내 배송 /  입점사 배송 #1.6일 / (영업일 기준, 결제 후 평균 배송기간)#49,000##https://store.musinsa.com/app/product/detail/1351940/0
호러 그래픽 다이 오버사이즈 티 [브론즈 블랙]|HORROR GRAPHIC DYED OVERSIZE TEE [BRONZE BLACK]#상의> 반팔 티셔츠(러닝하이)#RUNNING HIGH / 2020SUM-T9###3##국내 배송 /  입점사 배송 #1.6일 / (영업일 기준, 결제 후 평균 배송기간)#49,000##https://store.musinsa.com/app/product/detail/1351939/0
3/24 배송 홀터넥 니트 탑 [베이지]|HALTER NECK KNIT TOP [BEIGE]#상의> 민소매 티셔츠(러닝하이)#RUNNING HIGH / 2020SUM-T8###1##국내 배송 /  입점사 배송 #1.6일 / (영업일 기준, 결제 후 평균 배송기간)#27,000##https://store.musinsa.com/app/product/detail/1351937/0
3/24 배송 홀터넥 니트 탑 [로즈 핑크]|HALTER NECK KNIT TOP [ROSE PINK]#상의> 민소매 티셔츠(러닝하이)#RUNNING HIGH / 2020SUM-T7#####국내 배송 /  입점사 배송 #1.6일 / (영업일 기준, 결제 후 평균 배송기간)#27,000##https://store.musinsa.com/app/product/detail/1351936/0
3/24 배송 홀터넥 니트 탑 [블루]|HALTER NECK KNIT TOP [BLUE]#상의> 민소매 티셔츠(러닝하이)#RUNNING HIGH / 2020SUM-T6###1##국내 배송 /  입점사 배송 #1.6일 / (영업일 기준, 결제 후 평균 배송기간)#27,000##https://store.musinsa.com/app/product/detail/1351935/0
어반파자마 체크셔츠 NAVY G0S2S404_55|URBAN PAJAMA CHECK SHIRT#상의> 셔츠/블라우스(그레이휴)#GRAY HUE / G0S2S404_55###22##국내 배송 /  입점사 배송 #1.6일 / (영업일 기준, 결제 후 평균 배송기간)#128,000# 89,600#https://store.musinsa.com/app/product/detail/1332481/0
어반파자마 체크셔츠 D/NAVY G0S2S404_56|URBAN PAJAMA CHECK SHIRT#상의> 셔츠/블라우스(그레이휴)#GRAY HUE / G0S2S404_56###16##국내 배송 /  입점사 배송 #1.6일 / (영업일 기준, 결제 후 평균 배송기간)#128,000# 89,600#https://store.musinsa.com/app/product/detail/1332472/0
핸드다이 GH로고 후디 WHITE G9S2T501_10|HAND-DYED GH LOGO HOODIE#상의> 후드 스웨트셔츠/후드 집업(그레이휴)#GRAY HUE / G9S2T501_10###20##국내 배송 /  입점사 배송 #1.6일 / (영업일 기준, 결제 후 평균 배송기간)#78,000# 54,600#https://store.musinsa.com/app/product/detail/1332394/0
마블 타이다이 GH로고 맨투맨 WHITE G9S2T513_10|MARBLE TIE-DYED GH LOGO SWEATSHIRT#상의> 맨투맨/스웨트셔츠(그레이휴)#GRAY HUE / G9S2T513_10###15##국내 배송 /  입점사 배송 #1.6일 / (영업일 기준, 결제 후 평균 배송기간)#68,000# 47,600#https://store.musinsa.com/app/product/detail/1332393/0
핸드다이 스트라이프 롱슬리브 티셔츠 NAVY G0S2T506_56|HAND-DYED STRIPE LSLV T-SHIRT#상의> 긴팔 티셔츠(그레이휴)#GRAY HUE / G0S2T506_56###20##국내 배송 /  입점사 배송 #1.6일 / (영업일 기준, 결제 후 평균 배송기간)#89,000# 62,300#https://store.musinsa.com/app/product/detail/1332391/0
마운틴샤크 반팔티 [핑크]|마운틴샤크 반팔티 [핑크]#상의> 반팔 티셔츠(마우이앤선즈)#MAUI&SONS / R20SSUT24PK-A1###21##국내 배송 /  입점사 배송 #3.5일 / (영업일 기준, 결제 후 평균 배송기간)#39,000# 27,300#https://store.musinsa.com/app/product/detail/1312759/0
마운틴샤크 반팔티 [블루]|마운틴샤크 반팔티 [블루]#상의> 반팔 티셔츠(마우이앤선즈)#MAUI&SONS / R20SSUT23BL-A1###25##국내 배송 /  입점사 배송 #3.5일 / (영업일 기준, 결제 후 평균 배송기간)#39,000# 27,300#https://store.musinsa.com/app/product/detail/1312757/0
마운틴샤크 반팔티 [블랙]|마운틴샤크 반팔티 [블랙]#상의> 반팔 티셔츠(마우이앤선즈)#MAUI&SONS / R20SSUT22BK-A1###20##국내 배송 /  입점사 배송 #3.5일 / (영업일 기준, 결제 후 평균 배송기간)#39,000# 27,300#https://store.musinsa.com/app/product/detail/1312756/0
마운틴샤크 반팔티 [오프화이트]|마운틴샤크 반팔티 [오프화이트]#상의> 반팔 티셔츠(마우이앤선즈)#MAUI&SONS / R20SSUT21WI-A1###14##국내 배송 /  입점사 배송 #3.5일 / (영업일 기준, 결제 후 평균 배송기간)#39,000# 27,300#https://store.musinsa.com/app/product/detail/1312753/0
CUFFS PULLOVER KNIT L.BEIGE|CUFFS PULLOVER KNIT L.BEIGE#상의> 니트/스웨터/카디건(메종미네드)#MAISON MINED / M19FPO1010###31#2건↓ / 90% 만족#국내 배송 /  입점사 배송 #2.5일 / 한진택배 (영업일 기준, 결제 후 평균 배송기간)#139,000# 83,400#https://store.musinsa.com/app/product/detail/1332220/0
sh0102 마린 스트라이프|sh0102 마린 스트라이프#상의> 셔츠/블라우스(토마스모어)#THOMASMORE / 985682#####국내 배송 /  입점사 배송 #0.5일 / (영업일 기준, 결제 후 평균 배송기간)#67,500##https://store.musinsa.com/app/product/detail/1353118/0
M204MSH557M_[권철화 콜라보] 멀티 스트라이프 자수포인트 버튼다운 셔츠|M204MSH557M_[권철화 콜라보] 멀티 스트라이프 자수포인트 버튼다운 셔츠#상의> 셔츠/블라우스(티아이포맨)#T.I FOR MEN / M204MSH557M#####국내 배송 /  입점사 배송 #1.7일 / 한진택배 (영업일 기준, 결제 후 평균 배송기간)#179,000##https://store.musinsa.com/app/product/detail/1351382/0
V.S.C SWEAT(IOWA)_CHARCOAL|V.S.C SWEAT(IOWA)_CHARCOAL#상의> 맨투맨/스웨트셔츠(아웃스탠딩)#OUTSTANDING / 20SS_TOP_037#####국내 배송 /  입점사 배송 #1.9일 / 우체국택배 (영업일 기준, 결제 후 평균 배송기간)#69,000##https://store.musinsa.com/app/product/detail/1354135/0
sw0103 아미앵 카라니트-아이보리|sw0103 아미앵 카라니트-아이보리#상의> 니트/스웨터/카디건(토마스모어)#THOMASMORE / 985681#####국내 배송 /  입점사 배송 #0.5일 / (영업일 기준, 결제 후 평균 배송기간)#69,700##https://store.musinsa.com/app/product/detail/1353098/0
M204MSH558M_[권철화 콜라보] 오버핏 멀티 스트라이프 자수포인트 셔츠|M204MSH558M_[권철화 콜라보] 오버핏 멀티 스트라이프 자수포인트 셔츠#상의> 셔츠/블라우스(티아이포맨)#T.I FOR MEN / M204MSH558M#####국내 배송 /  입점사 배송 #1.7일 / 한진택배 (영업일 기준, 결제 후 평균 배송기간)#179,000##https://store.musinsa.com/app/product/detail/1351383/0
V.S.C SWEAT(OLYMPIA)_BLACK|V.S.C SWEAT(OLYMPIA)_BLACK#상의> 맨투맨/스웨트셔츠(아웃스탠딩)#OUTSTANDING / 20SS_TOP_034#####국내 배송 /  입점사 배송 #1.9일 / 우체국택배 (영업일 기준, 결제 후 평균 배송기간)#69,000##https://store.musinsa.com/app/product/detail/1354096/0
3/23 배송 V.S.C SWEAT(NAVY)_NAVY|V.S.C SWEAT(NAVY)_NAVY#상의> 맨투맨/스웨트셔츠(아웃스탠딩)#OUTSTANDING / 20SS_TOP_036#####국내 배송 /  입점사 배송 #1.9일 / 우체국택배 (영업일 기준, 결제 후 평균 배송기간)#69,000##https://store.musinsa.com/app/product/detail/1354131/0
sw0103 아미앵 카라니트-잉크네이비|sw0103 아미앵 카라니트-잉크네이비#상의> 니트/스웨터/카디건(토마스모어)#THOMASMORE / 985680#####국내 배송 /  입점사 배송 #0.5일 / (영업일 기준, 결제 후 평균 배송기간)#69,700##https://store.musinsa.com/app/product/detail/1353097/0
V.S.C SWEAT(YALE)_NAVY|V.S.C SWEAT(YALE)_NAVY#상의> 맨투맨/스웨트셔츠(아웃스탠딩)#OUTSTANDING / 20SS_TOP_035#####국내 배송 /  입점사 배송 #1.9일 / 우체국택배 (영업일 기준, 결제 후 평균 배송기간)#69,000##https://store.musinsa.com/app/product/detail/1354128/0
sw0102 아미앵 가디건-아이보리|sw0102 아미앵 가디건-아이보리#상의> 니트/스웨터/카디건(토마스모어)#THOMASMORE / 985679#####국내 배송 /  입점사 배송 #0.5일 / (영업일 기준, 결제 후 평균 배송기간)#79,500##https://store.musinsa.com/app/product/detail/1353095/0
V.S.C SWEAT(HUNTER)_BLACK|V.S.C SWEAT(HUNTER)_BLACK#상의> 맨투맨/스웨트셔츠(아웃스탠딩)#OUTSTANDING / 20SS_TOP_033#####국내 배송 /  입점사 배송 #1.9일 / 우체국택배 (영업일 기준, 결제 후 평균 배송기간)#69,000##https://store.musinsa.com/app/product/detail/1354076/0
sw0101 아미앵 라운드니트-아이보리|sw0101 아미앵 라운드니트-아이보리#상의> 니트/스웨터/카디건(토마스모어)#THOMASMORE / 985678#####국내 배송 /  입점사 배송 #0.5일 / (영업일 기준, 결제 후 평균 배송기간)#63,700##https://store.musinsa.com/app/product/detail/1353094/0
3/20 배송 BASIC LONG SLEEVE HOOD (LIME)|BASIC LONG SLEEVE HOOD (LIME)#상의> 후드 스웨트셔츠/후드 집업(써틴먼스)#13MONTH / 13MBJ0HT01LI#####국내 배송 /  입점사 배송 #1.8일 / CJ대한통운 (영업일 기준, 결제 후 평균 배송기간)#79,000##https://store.musinsa.com/app/product/detail/1351048/0
